{"cameraMode":{"drawMode":0,"name":"Shaded","section":"Shading Mode"},"sceneLighting":true,"audioPlay":false,"sceneViewState":{"m_AlwaysRefresh":false,"showFog":true,"showSkybox":true,"showFlares":true,"showImageEffects":true,"showParticleSystems":true,"showVisualEffectGraphs":true,"m_FxEnabled":true},"in2DMode":false,"pivot":{"x":2.9575581550598146,"y":0.22887001931667329,"z":0.5622986555099487},"rotation":{"x":0.3496885299682617,"y":-0.01827147789299488,"z":0.006821772083640099,"w":0.9366656541824341},"size":10.323071479797364,"orthographic":false}